,train_accuracy_score,val_accuracy_score,train_log_loss,val_log_loss,best_iteration
0,0.9143258426966292,0.8491620111731844,2.9591018994954013,5.209808705219668,410
1,0.906030855539972,0.848314606741573,3.2455994547163534,5.239072801330845,330
2,0.8892005610098177,0.8033707865168539,3.8269039628839683,6.791381850525876,197
3,0.8976157082748948,0.8258426966292135,3.536253951710203,6.015243048349741,215
4,0.9102384291725105,0.8426966292134831,3.100276131312002,5.4331153630855695,362
