,train_accuracy_score,val_accuracy_score,train_log_loss,val_log_loss,best_iteration
0,0.8974719101123596,0.8379888268156425,3.541217231428489,5.5957212883886704,260
1,0.9228611500701263,0.8370786516853933,2.664297189458781,5.627157924840293,469
2,0.8920056100981767,0.8146067415730337,3.730019878189365,6.403305711257218,198
3,0.8976157082748948,0.8258426966292135,3.5362550731652242,6.015243048349741,218
4,0.9004207573632539,0.8314606741573034,3.4393653811955156,5.821195994474623,254
