,train_accuracy_score,val_accuracy_score,train_log_loss,val_log_loss,best_iteration
0,0.9452247191011236,0.8547486033519553,1.8918801631755038,5.016850180122792,352
1,0.9340813464235624,0.8595505617977528,2.2767586077703283,4.850996662062186,230
2,0.9270687237026648,0.8146067415730337,2.518969380234345,6.403314695498006,214
3,0.9242636746143057,0.8258426966292135,2.6158545863839686,6.015238556229347,192
4,0.9270687237026648,0.8202247191011236,2.518969380234345,6.20928111798407,270
